{
  "id": "4654623",
  "name": "tj-java3",
  "font_family": "iconfont",
  "css_prefix_text": "icon-",
  "description": "",
  "glyphs": [
    {
      "icon_id": "827783",
      "name": "眼睛",
      "font_class": "open",
      "unicode": "e681",
      "unicode_decimal": 59009
    },
    {
      "icon_id": "8361853",
      "name": "眼睛1",
      "font_class": "close",
      "unicode": "e6cf",
      "unicode_decimal": 59087
    },
    {
      "icon_id": "5849191",
      "name": "搜索",
      "font_class": "sousuo",
      "unicode": "e606",
      "unicode_decimal": 58886
    },
    {
      "icon_id": "1367323",
      "name": "密码",
      "font_class": "password",
      "unicode": "e60f",
      "unicode_decimal": 58895
    },
    {
      "icon_id": "26847676",
      "name": "账号",
      "font_class": "zhanghao",
      "unicode": "e66e",
      "unicode_decimal": 58990
    }
  ]
}
